clematis,59
butterfly,46
moab,36
foxglove,30
alstromeria,29
roses  playa blanca (sometimes have subtle blush hints),26
nerine,26
hellebore,26
ranunculus peach (the color may vary salmon / orange / peach),18
cremone,16
"peony aa (35mm),14
ranunculus white,13
poms,13
peony,13
anthirium,13
antherium,12
wisteria,11
ranunculus,11
anenome,11
wildflowers,10
sweetpea,10
smokebush,10
lavendar,10
daisies,10
"garlands gyp babys breath (10 ft long,10
"butterfly ",10
tropicals,9
ruskus,9
roses quicksand,9
muscari,9
lillies,9
hydrengea,9
gloriosa,9
cornflower,9
stock,8
spray roses  caffe latto (bronze-pink),8
roses freedom,8
palms,8
matricaria (feverfew) white chamomile daisy,8
lisanthus,8
garden roses white ohara *fragrance* (white/blush),8
delphenium,8
dahlia,8
roses  romina,7
queen annes lace orlaya,7
marigolds,7
lisianthis,7
kiera,7
hellebores,7
eremurus,7
cremons,7
carnation,7
cappucino,7
zinnias,6
wildflower,6
vibernum,6
status,6
scabosia,6
ruscus italian,6
roses,6
roses  eskimo,6
ranunuculus,6
rananculus,6
delphiniums,6
delphinium,6
amsonia blue star,6
"garden roses tip top (orange,6
stocl,5
springerii,5
solidaster,5
snaps,5
ranunclus,5
ponpon,5
peony a grade (30mm) assorted,5
peonies,5
narcissus,5
lisianthus,5
juliette,5
huck green,5
fritillaria,5
eremerus,5
delpinium,5
delphinum,5
daisy,5
dahlias assorted,5
caspia,5
calcynia,5
burgandy,5
billy balls  paintball pop,5
astible,5
anemones,5
amarathus,5
"garlands gyp babys breath (3 ft long,5
sweetpeas,4
sweet pea,4
star thistle  spray blue bell,4
spray roses,4
spray roses white majolika,4
soldiago,4
roses vendela,4
roses toffee,4
roses shimmer,4
roses garden look assorted,4
ranunculus elegance white,4
ranunculua,4
ranunculs,4
rannuculus,4
queen annes lace ammi visnaga,4
peony ann styer,4
ninebark,4
lisanthius,4
lilys,4
lilies asiatic assorted 3/5 bl,4
grevillea ivanhoe,4
greenery,4
gardenias,4
garden roses cafe latte,4
euclyptus,4
eucalyptus,4
eucalpytus,4
didiscus,4
dhalia,4
dasiy,4
coculus,4
chrysanthemum,4
buttons,4
butterfly ranunculus,4
bougainvillea,4
aster solidago,4
amaranthus green hanging,4
agrostemma,4
"ranunculus ",4
"peony 167 assorted ",4
wild flowers,3
white rose,3
vendella,3
twedia,3
thisle,3
strelitzia birds of paradise,3
stock white,3
similax,3
silverdollar,3
scabiosia,3
salal,3
ruscus,3
ruscus israeli,3
rununculus,3
runner,3
roses tibet,3
roses playa blanca (sometimes have subtle blush hints),3
ranunuclus,3
ranunculus  butterfly litai,3
ranuncukus,3
rannuclus,3
ranculus,3
plumeria,3
playablanca,3
pittisporum,3
phalaenopsis white (6 blooms),3
orleya,3
orchid,3
ofea,3
myra,3
matricaria (feverfew) single (vegmo),3
lizianthus,3
lisiathus,3
lisianthua,3
lillys,3
larspur,3
larkspur white,3
larkspur assorted,3
hydrenga,3
hydrangea,3
hydrangea antique green,3
hydragnea,3
hydragea,3
honeysuckle,3
gerbers,3
gerbera,3
garden roses veggie,3
garden roses pink ohara *fragrance*,3
garden roses georgia peach,3
garden roses free spirit,3
forgetmenot,3
foam,3
eucalyptus gunni,3
eucalptus,3
dried and preserved flowers eucalyptus silver dollar,3
dephinium,3
delphnium,3
delphium,3
deloh,3
dara,3
dahila,3
corsage,3
consumer bunch sunflower sunbright extra 3 stems,3
chyrsanthemum,3
caranations,3
caranation,3
buplerum,3
boquet,3
baker,3
bachelor buttons,3
babysbreath,3
averie,3
astillbe,3
asclepias,3
anthurium green,3
ameranthus,3
alium,3
"spray roses colorful cycling escapade assorted (hot pink,3
"mixed box filler assorted (64 variegated pittosporum,3
"garlands gyp babys breath (9 ft long,3
"garden roses ohara assorted (25 white,3
"garden roses fatima (yellow,3
"foxglove ",3
"forgetmenot ",3
"clematis ",3
zinnia,2
zinna,2
zenia,2
whitehydrangea,2
white tulip,2
wedding season,2
waxflowers,2
violas,2
tweedie,2
tulips,2
tulips double assorted,2
tulip,2
tuberose,2
tracking,2
tofee,2
tiet,2
tibey,2
texture,2
taupe,2
sweet peas assorted,2
supplies,2
sunflower firewalker (select),2
strawflowers,2
stock apricot,2
statice,2
star thistle eryngium,2
springeri,2
spray,2
spray roses snowflake,2
spray roses antigua,2
spray rose,2
spirea,2
spay roses,2
solomino,2
snspdragons,2
snapdrsgons,2
snapadragon,2
smilex,2
smialx,2
simlax,2
senesis,2
selection shortlist,2
scabiousa,2
scabiosa,2
scabiosa blackberry scoop,2
scabioa,2
sandersonia,2
salvia,2
salidago,2
ruscis,2
rununculas,2
roses mothers day assorted,2
roses mother of pearl,2
roses mondial,2
roses moccachino mocha,2
roses miss piggy,2
roses freedom (platinum cut),2
roses barista,2
roses applause,2
roses aly,2
roses aerobic,2
roses  white wine ( white-cream),2
rose,2
romancery,2
rice flower,2
renunculus,2
raununculus,2
ranununculus,2
ranunulus,2
ranunculus elegance peach (peach/ pinkish),2
ranunculus butterfly ariadne,2
ranunculus amandine white,2
ranunculus amandine assorted,2
ranunculus  butterfly phosphorus,2
ranun,2
ranucukus,2
rannucules,2
rancunulus,2
rananculas,2
queen annes lace,2
primrose,2
poppys,2
plants,2
pittosporum silver queen,2
pittosporum italian variegated (200 gr),2
pistache,2
pionies,2
pineapple lily,2
phaleonopsis,2
phalenopsis,2
phael,2
peony assorted (min bud 1.18 inch_2-4 inch bloom),2
peony angel cheeks,2
peonu,2
peoniy,2
peonie,2
peonia,2
pennycress  green dragon,2
peegee,2
parvifola,2
oralaya,2
oceansong,2
oasis,2
nigelia,2
myosotis,2
mykonos,2
mushrooms,2
mundial,2
montmarte,2
monstera deliciosa bicolor m (12 inch diameter),2
mgf,2
matricia,2
matricaria (feverfew) white chamomile double,2
marscapone,2
lysianthus,2
lupin,2
lissianthus,2
lisisanthus,2
lisianthus double chocolate brown,2
lisianthus double brillianthus white,2
lisianthus double brillianthus misty blue,2
limoium,2
lemonleaf,2
lavender roses,2
lathyrus,2
larkpur,2
lark,2
koko,2
koko loco,2
hypericum,2
hyndrangea,2
hygrangeas,2
hydrnagea,2
hydranges,2
hydrangea tinted baby pink select (airbrushed) (tinted/ dyed),2
hydrangea dark green mini,2
hydrangea alondra rose dutch pink extra,2
hydrangea  dark blue blue berry select,2
hydrangea  bicolor pink peach super select,2
hydramgea,2
hudrangea,2
herbs california bay laurel,2
haydrangea,2
greenary,2
goldenrod,2
gerpom,2
germini,2
garlands ruscus israeli 15ft/ box,2
garden roses westminster abbey,2
garden roses princess miyuki (first snow),2
garden roses mayras white (white to yellowish),2
garden roses coral x pression,2
garden roses candlelight (white to cream with greenish tips),2
garden rose,2
fressia,2
freespirit,2
flox,2
florena,2
fiddlehead,2
ficus,2
feverfew,2
fern,2
feathers,2
eufloria,2
eucalytpus,2
eucalyptus silver dollar,2
eucalyptus seeded,2
eucaluptus,2
eleganus,2
edelweiss,2
echinacea,2
dried and preserved flowers strawflower pink,2
digitalis,2
dianthys,2
dianthus sweet william green trick,2
dianthus solomio cas,2
dianthus green ball,2
delphinium belladonna light blue,2
delphinim,2
delpg,2
david austin garden roses keira,2
david austin garden roses juliet,2
david austin garden roses bessie (blush - peach),2
daisey,2
dahlias cafe au lait (we do not accept claims on this delicate variety),2
dahalia,2
creon,2
cremon,2
corn flower,2
coreopsis,2
coneflower,2
commodore,2
cockscomb,2
cmf,2
clooney,2
cloney,2
chrysanthumum,2
chrysanthemym,2
charmelia,2
chammomile,2
carnations,2
carnation kilimanjaro,2
carnation babylon,2
carnation altair,2
carnation alibaba,2
carnatino,2
canterbury,2
campunula,2
camomile,2
camelia,2
callalily,2
calla,2
caladium,2
cabbage,2
bouvardia,2
bouqet,2
bottlebrush,2
blue hydrangea,2
betrice,2
bells of ireland molucella,2
basil,2
barbados,2
baptisia,2
babaloo,2
azalea,2
authorium,2
astilbe cream,2
aster pericallis blue,2
aspide,2
anturium,2
antique hydrangea,2
anthuriums,2
anthirum,2
anthirrium,2
anemone bicolor white -blush shade,2
anemoe,2
amneisa,2
amarylis,2
amarath,2
amaranthis,2
amaramthus,2
alyssum,2
altro,2
alstoemeria,2
alsto,2
allium gigantum,2
"wildflowers ",2
"waxflower assorted (white,2
"tweedia assorted (white,2
"sunflower fall assorted (60 yellow,2
"stock assorted (40 pink ,2
"spray roses juicy beach days assorted (orange,2
"spray roses california rose farmstand box lavender assorted ",2
"roses ",2
"renanculus ",2
"peony assorted (light pink,2
"mixed box california rose farmstand box sunshine assorted (12 garden rose,2
"lisianthus ",2
"hellebores ",2
"gyp babys breath (10 ft long,2
"garlands gypsophilia babys breath tabletop (5 ft long,2
"garden spray roses be loving ",2
"garden roses bit more (orange,2
"garden explosion (12 garden rose,2
"dendrobium #4 assorted (white,2
"cremone ",2
"bouquets efg flo - promise pride (2 pink roses,2
"alstromeria ",2
" lillies",2
" fritillaria ",2
zinnina,1
zinnie,1
zinnialimonium,1
zinias,1
zennia,1
zanthurium,1
zantedeschia,1
yoga trendsetter,1
yellowwhite,1
yellowtulips,1
yellowroses,1
yellow,1
yartow,1
yarrowdelphinium,1
yarrow,1
xpressionn,1
xlenence,1
xcellence,1
wysteria,1
wuca,1
woodwardia,1
winve,1
winterberry,1
willow curly willow - medium (brown),1
whote stocl,1
whites,1
whiterose,1
whitemums,1
whitelily,1
whitehydrangeas,1
white,1
white+flowers,1
white stock,1
white spike,1
white calla,1
white and yellow,1
white accent flower,1
whgite,1
weekly pricelist bestsellers,1
weddingrose,1
wedding flowers,1
wedding assorted,1
webbster,1
weats,1
waxflwoer,1
waxflower wax flower white peruvian,1
watermelon,1
wabra,1
vuvuzela,1
vuvuela,1
virburnu,1
virbunum,1
violet purple roses,1
vibrinum,1
versonica,1
veronica pink (spray),1
verbena,1
verbascum,1
valley,1
valentine all pink x pression,1
usa farms,1
unicornio,1
umberell,1
uecalyptus,1
tweeia,1
tweedium,1
tweediea,1
tweediaa,1
tweedia,1
tweedia white,1
tweedia sky blue,1
tweddia,1
tuplip,1
tulup,1
tulp,1
tulis,1
tulipstulips,1
tulipstulip,1
tulipss,1
tulips parrot orange,1
tulips fringed mascotte,1
tulips double hakuun,1
tulips double flash point,1
tulipa,1
tukip,1
tuberrose,1
tsugmugi,1
tropixa,1
trix delpinium,1
trendsetter,1
trending homepage,1
trending flowerfs,1
transetter,1
trachelium green,1
tose,1
toscana,1
tony,1
toffeel,1
tobet,1
toap,1
tistle,1
tiramisu,1
tinsow,1
tillandsia,1
tibeet,1
thlapsi,1
thistleroses,1
thistlepurple,1
thiste,1
thiaspi,1
tenuifolia,1
teipical,1
teick,1
teeedia,1
tee pee mexico palms,1
tanacetum,1
tabitha,1
syringa,1
symphyotrichum pilosum,1
sweet william,1
sweet peas,1
sweet esci,1
sweatpea,1
swamp sheock,1
sustainable,1
susan,1
suppliers,1
supples,1
supllies,1
superbowls,1
sunfolwers,1
sunflwo,1
sunflowwer,1
sunflowrs,1
sunflowrrs,1
sunflowete,1
sunflowersassorted,1
sunflower,1
sunflower white night,1
sunflower spray,1
sunflower procut lite white,1
sunflower pro cut white nite,1
sunflower plum,1
sunflower mahogany,1
sun flowers,1
succulents,1
succulants,1
subflowe,1
stutus,1
stuart,1
strock,1
strawflower,1
strawberries,1
straw flowers,1
stpcl,1
stovk,1
stokc,1
stok,1
stockwhite,1
stock vintage,1
stock peach,1
stock baby pink (lavender),1
stock assorted,1
stipa,1
stck,1
stc,1
stative,1
statie,1
staticw,1
statics,1
stars of beth star of bethlehem,1
stars of beth dubium milkay,1
starblush,1
star thistle blue lagoon,1
star thistle blue globe,1
star thistle blue bell,1
standing,1
standing order,1
stalk,1
staice,1
stachys,1
srock,1
spring blooms,1
sprengeril,1
sprayed,1
spray roses scarlet mini,1
spray roses sahara sensation (jumbo) peach - pinky color tones,1
spray roses rubicon,1
spray roses majolika,1
spray roses jeanine cream,1
spray roses ilse,1
spray roses floreana,1
spray roses cream irishka,1
spray roses california rose farmstand box assorted,1
spray roses alma white,1
spray roses  tangerine,1
spray roses  hot majolika,1
spiria,1
spirea snowmound,1
spiraera,1
spiraea,1
spiera,1
sperengi,1
specials,1
spathiphyllum,1
sparkz,1
sparkle,1
spanish,1
soring,1
sophia,1
solomons seal,1
solomio dianthus,1
solomin,1
solodago,1
soligago,1
solidgo,1
solidego,1
solidastre,1
solidago,1
solidagio,1
solidage,1
soliaster,1
soldagio,1
soidaho,1
snowflakes,1
snowdrop,1
snowdance,1
snowcap,1
snowberry,1
snowballet,1
snapgragon,1
snapdrangons,1
snapdrangon,1
snapdragonsa,1
snapdragons,1
snapdragons yellow,1
snapdragons orange,1
snapdragones,1
snapdragon,1
snap,1
snap dragon,1
smoke,1
smiliax,1
smilaz,1
smilax,1
smilax southern smilax 50ft total,1
smilax southern smilax 300 ft,1
slimax,1
skywalker,1
single stem,1
sinesis,1
silverston,1
silver queen,1
silk wisteria,1
silk flowers,1
silene,1
sienta,1
shiraz,1
sherbert,1
shepherds+myrtle,1
shasta,1
sflower,1
sfk,1
sexcy,1
seedum,1
seeded eucalyptus,1
secondpurchasediscount,1
seafoam,1
sdelphinium,1
scottishthistle,1
scbiosa,1
scbaio,1
scape,1
scaniosa,1
scanio,1
scabriosa,1
scaboisa,1
scabisoa,1
scabious,1
scabiou,1
scabioss,1
scabiosasabiosa,1
scabiosas,1
scabiosa burgundy scoop,1
scabiosa annabelle,1
scabeosia,1
sarah bernhardt,1
saponara,1
sangusorbia,1
sanemone,1
sandstorm,1
sallidago,1
salinero,1
salidego,1
saldal,1
salal tips,1
salal lemon leaf,1
salal green,1
salad,1
salaa,1
sacha,1
sacbiosa,1
sacbio,1
sacabiosa,1
ryuscus,1
rusucs,1
rust,1
ruscuswaxflower,1
ruscas,1
runy,1
runun,1
runnunculus,1
runculus,1
rumux,1
rudebekia,1
rucus,1
rpse,1
rosw,1
rosr,1
roslyn,1
rosily,1
rosews,1
rosesyellow,1
rosesshimmer,1
rosesrose,1
rosesassorted,1
rosesasitlbr,1
roses wild topaz,1
roses tinted/dyed toppings usa assorted (tinted/ dyed),1
roses tinted/dyed toppings blue lagoon,1
roses teddys,1
roses sweet unique,1
roses sky garden,1
roses rhoslyn,1
roses proud,1
roses pic nic,1
roses ohara light pink and peach,1
roses ocean song,1
roses moody blues,1
roses menta,1
roses leonidas,1
roses hummer,1
roses hot pink free,1
roses hot lady,1
roses high & exotic,1
roses heart of gold sand,1
roses green tea,1
roses felicity,1
roses explorer,1
roses engagement (pink to peach color),1
roses deep purple,1
roses cubana,1
roses creme de la creme,1
roses copacabana,1
roses cool water,1
roses coffee break,1
roses cherry oh!,1
roses champagne,1
roses carousel,1
roses caramel macchiato (orange light / sand / peach / green blend),1
roses butterscotch,1
roses blueberry,1
roses blue (dyed),1
roses black baccara,1
roses artica,1
roses art deco,1
roses arleen,1
roses arctica,1
roses anastasia,1
roses all for love,1
roses akito,1
roses 3d (pink to orange color),1
roseover,1
rosees,1
rose petals,1
rose lily,1
rose combo,1
rosaprima,1
rosadex,1
roping,1
roes,1
roebellini,1
roebelini,1
rodos,1
rinauculus,1
rinaculus,1
rinaculous,1
rice flower pink,1
rice flower light pink,1
reose,1
rentate,1
reeve,1
reds,1
redbud,1
red rose,1
red paris,1
red carnation,1
rc126833,1
raven,1
raunuculus,1
raunnculus,1
raunculus,1
raunculus amadine,1
raspberries,1
rascus,1
rasberry,1
ranunv,1
ranunu,1
ranunsulus,1
ranuncuus,1
ranuncuuls,1
ranuncunlus,1
ranunculusyellow,1
ranunculuss,1
ranunculusranunculus,1
ranunculus winterwood strawberry,1
ranunculus winterwood rasphberry (lila / lavender),1
ranunculus winterwood cinnamon (cream / lavender),1
ranunculus white farm choice (shades may vary),1
ranunculus pon-pon magenta,1
ranunculus pon pon green,1
ranunculus clooney white,1
ranunculus clooney hanoi,1
ranunculus butterfly melissa,1
ranunculus butterfly latai,1
ranunculus brownie (tinted/ dyed),1
ranunculus amandine pink,1
ranunculus amandine orange,1
ranunculues,1
ranunculud,1
ranunculo,1
ranuculus,1
ranuculous,1
ranucnulus,1
ranu,1
ranoculous,1
rannunuclus,1
rannunculous,1
rancunulu,1
ranccunulus,1
rananuculas,1
ranan,1
ranaculus,1
ranaculous,1
ralphi,1
rainboy,1
raanunculus,1
quicksnd,1
quicksnad,1
quicksaned,1
quicksand,1
quicksance,1
quicksad,1
queenssberry,1
queen annes lace choc lace,1
qrlaya,1
purpul,1
purplr,1
purplechocolate,1
purple hydrangea,1
puple,1
pumosa,1
puff,1
psatel,1
protea susara,1
prot,1
preserved roses night black,1
premade boquets,1
premade arrangement,1
prach,1
ppom,1
potea,1
popy,1
poppy,1
poppies,1
poppies icelandic assorted,1
poppies assorted colors in bunch,1
poopies,1
pompus,1
pomponi,1
pomponette,1
pompn,1
podocarpus nagi foliage,1
podacarpus,1
pmpass,1
plumosm,1
plumosas,1
playya,1
playa blanca,1
planety,1
pitus,1
pittsporum,1
pittosproum,1
pittosporun,1
pittosporum variegated,1
pittas,1
pitta,1
pitcher,1
pistacia leaf,1
pirple,1
pinkrose,1
pinkohara,1
pinkfloyd,1
pinkcarnation,1
pink stock,1
pink rose,1
pink ranunculus,1
pink parrot,1
pink matsumoto,1
pink majolica spray,1
pink lisianthus,1
pink gerb,1
pink garden roses,1
pink babys breath,1
pincusion,1
pincushion proteas ayoba peach,1
piarc,1
physocarpus,1
phoebe,1
phobe,1
phlox,1
philadelphus,1
pheonix,1
pheonis,1
phalo,1
phale,1
phaelonopsis,1
petunia,1
peter brand peony,1
petals,1
persian buttercups,1
perserved,1
perennial,1
peoyn,1
peoy,1
peonyt,1
peonys,1
peonyp,1
peonyes,1
peonyantherium,1
peony reine hortense,1
peony paula fay,1
peony coral charm,1
peony assorted,1
peony assorted (pink),1
peony assorted (incl white),1
peony ann cousins,1
peonis,1
peoniey,1
peoinies,1
peoby,1
penoy,1
pennycrest,1
pennycress green,1
peiris,1
pee gee,1
pecedar,1
pastis,1
pastel,1
pasat,1
parvolia,1
parvolia eucaluptus,1
parvofolia,1
parvifolvia,1
parvifoloia,1
parviflora,1
parfavolia,1
papyrus,1
papyrus stalks,1
paphiopedilum,1
panies,1
pampas,1
overtime,1
ostin,1
osalal,1
ornithalgum,1
orhoch,1
orchis,1
orchif,1
orchidbox,1
oranges,1
orangeroses,1
orangerose,1
orangeranunculus,1
orange snap,1
oragonia,1
oragne,1
ooak,1
onicidium,1
oncideum,1
olive,1
oink carnatin,1
oharra,1
ohare,1
ochids,1
oceana,1
oak water oak branches (non blooming) 18 lbs covers approx 190 square ft,1
nubella,1
nobbio carnations,1
nigella sky blue,1
newsflash,1
nerrine,1
navi,1
nauge,1
natuflor,1
narine,1
narcissist,1
nagi,1
myostis,1
myers,1
mustard,1
mushroom,1
mun,1
mums,1
mums bronze football albatros,1
muj,1
mozz,1
mothersday,1
mothers day,1
mothers day assorted,1
most popular,1
moongate,1
mood board,1
moob,1
monzanita,1
monti,1
montemarere,1
montbretia,1
montana,1
monsterrs,1
monocrhome,1
monmarte,1
monjolica,1
monidal,1
mondials,1
mokora,1
mokara,1
mojahilcas,1
mnh feen,1
mixwd,1
mixed box fsi - french romance largue 15 bunch ( 3 euc silver dollar 3 lisi pink 3 lisi white 3 limo,1
mixed box assorted box aga - valentine #1 (mayra peach 25 anemone blue 20 focal scoop lavender 20 he,1
mixed box assorted box aga - designer box easter #1 48 st ( 5 cubana 5 tycoon 5 free spirit 5 govind,1
misty,1
mistria aneome,1
misti,1
miscanthus,1
mini roses,1
mini carnation,1
mini carnation (spray) moon velvet,1
mini carnation (spray) canela vintage (peach/pink),1
mini calla,1
mini calla peach,1
mini calla blushing lady (cream-pink),1
mini calla black,1
mini calla assorted,1
mini calla accent (or similar),1
minerva,1
minamie,1
millionstar,1
migrage,1
micro,1
merrigold,1
merigolds,1
merigold,1
mellano,1
mayura,1
mayras,1
maybells,1
mauve,1
mauv3,1
matthiola,1
matsumoto,1
matso,1
matrix,1
matricaria (feverfew) button yellow,1
matricaria (feverfew) button white,1
masterwort,1
mascara,1
martagon,1
marigold african orange,1
marie theresa,1
maricaria,1
maribu,1
marguerite,1
mansfildpark,1
mansfild,1
mandela,1
mamaranthus,1
makolika,1
majorika,1
majolicka,1
majalika,1
magolica,1
lysmachiagooseneck,1
lysmachia,1
lvender,1
lupine,1
lunia,1
luciana,1
lsvender,1
lstock,1
loveinamist,1
lots,1
loosestrife,1
lobelia,1
llisianthus,1
lleatherpeaf,1
lithianthus,1
lithiansums,1
lithanthus,1
lisyanthus,1
lisisnathus,1
lisinathus,1
lisiantus,1
lisiantthyus,1
lisianthys,1
lisianthuswhite,1
lisianthus single,1
lisianthus double voyage champagne,1
lisianthus double rosita white,1
lisianthus double lavender,1
lisianthud,1
lisianthks,1
lisianthjus,1
lisianthius,1
lisianathus,1
lisian,1
lipedium,1
liosianyhus,1
limoniy,1
limonium sinensis gold (tinted/ dyed),1
limonium misty white,1
limoneum,1
limomix,1
limolum,1
limited,1
limelight,1
lilsc,1
lillyt,1
lillie,1
lilieswaxflower,1
lilies asiatic brunello 2/3 bl,1
lilax,1
lilacs,1
lilachydrangea,1
lilac field bunch grade,1
likies,1
likac,1
light pink mondial,1
levonte,1
levantes,1
leucospermum,1
leuchadentron,1
lepidiem,1
lepedium,1
lemonium,1
lemongrass,1
leiu,1
leilies,1
leidy castro,1
leidium,1
leavesgreenery,1
leatherleaf fern,1
leather,1
leather leaf,1
leahter,1
lavender,1
lavender stock,1
lavender fresh lavender,1
lavender  fresh green lavender (fresh),1
lavander filler flower,1
lathyru,1
larskpur,1
larksput,1
larkspure,1
larkspur lavender farm choice (shades may vary),1
larkspir,1
larkpspur,1
ladys mantle,1
lady glove,1
ladies mantel,1
laceleaf,1
lace,1
labender,1
kumquats,1
kpin,1
koko loko,1
kodiak,1
kinatro,1
kerris,1
kermit,1
kaleidoscope,1
kalegreenery,1
kale elegance,1
juliett,1
jsamine,1
joide,1
jessamine,1
jasmjne,1
jasminum,1
jasmine,1
janine,1
janelle,1
ivannovo,1
itlaian ruscus,1
italina,1
italianruscus,1
italian ruscus,1
isthianthus,1
israili,1
israeli ruscus,1
israeli ruscus blue,1
isra,1
isle,1
irus,1
iris,1
iris african iris,1
irange,1
iorchids,1
infinate,1
indiana,1
ilove,1
igauzu,1
icecap,1
iceberg,1
ibuy,1
hyrdrangea,1
hyrangea,1
hyperiucm,1
hypericun,1
hypercuim,1
hypercium,1
hyp,1
hygreangas,1
hygrangias,1
hygragea,1
hygr,1
hydtangea,1
hydrnageas,1
hydrendra,1
hydregea,1
hydration,1
hydranyea,1
hydrangesas,1
hydrangeras,1
hydrangera,1
hydrangeq,1
hydrangeaspink,1
hydrangeas,1
hydrangeaantique,1
hydrangea white verena,1
hydrangea white premium 18cm head size  (the tone can vary depending on the weather - creamy / green,1
hydrangea spring select grade assorted (white / blue),1
hydrangea mixed,1
hydrangea mini stem,1
hydrangea mini green,1
hydrangea limelight,1
hydrangea limelight (color varies green / cream) (head size varies),1
hydrangea classic white select (14-16 cm),1
hydrangea classic blue select (14-16 cm),1
hydrangea blue select  (15- 17 cm),1
hydrangea blue designer,1
hydrangea blue & white assorted,1
hydrangea bicolor pink peach select,1
hydrangea antique apple jumbo (20-24 cm) exclusive grown / cannot be cancelled,1
hydrangea amythyst (blue/ purple/ green assorted) 20 cm head,1
hydrange,1
hydran,1
hydragena,1
hydr,1
hyd,1
hyacith,1
hyacinth,1
hyacinth blue,1
hyacinth anna liza,1
hyachynth,1
huscuberries,1
huechera,1
horst,1
hops,1
hopps,1
honey suckle,1
hollyhocks,1
holly fern,1
hold,1
herbs thyme (80 grams/bunch),1
herbes,1
helleborous,1
hellbourne,1
hellabore,1
heliconias,1
heliconia musa reina,1
heliconia golden torch,1
heleconia,1
heleborus,1
helebores,1
helebora,1
helbore,1
hebes green,1
heats,1
heart of gold sand,1
haydrang,1
hard rock rose,1
hairy angelica,1
hack,1
gysophilia,1
gypsohilia,1
gypos,1
gypo,1
gyp garl,1
gyhp,1
gunni,1
guni,1
groot,1
grevill,1
grevalia,1
grens,1
grenery,1
greeny,1
greenwey,1
greenvillia,1
greenspeony,1
greens,1
greenry,1
greenrry,1
greenrey,1
greenhuck,1
greeneryrucus,1
greener6,1
greeneery,1
greenball,1
green bunch assorted,1
green ball,1
greemery,1
gravella,1
grasses explosion,1
grasses bunnytail,1
grasses bear grass,1
grandiose,1
graham thomas,1
gompherena,1
gobera daisys,1
gladiosa,1
gladiolus large flowered red,1
gladiolia,1
gizelle,1
ginistra,1
gingers,1
ginestra white (150 gr.),1
ghypsophelia,1
ggreen,1
ggrass,1
geum,1
gerveras,1
gerrando,1
gerbs,1
gerbras,1
gerbpom,1
gerbera large flowered dark pink,1
gerbera large flowered assorted .,1
gerbera daisy,1
gerber,1
gerb daisy,1
geraldinesantini,1
gentiana,1
gennista,1
genistra,1
genestra (dyers broom) cachet,1
gelosia,1
geens,1
gebra,1
gebera,1
gavaria,1
garnation,1
garlands silver dollar euc / italian ruscus regular (5 in. wide x 6 ft long),1
garlands salal & bush ivy 15ft/ box,1
garlands ruscus israeli fresh,1
gargen,1
gardina,1
gardenrose,1
garden spray roses sahara sensation (jumbo) peach - pinky color tones,1
garden spray roses pink butterfly,1
garden spray roses fibonacci nautilus,1
garden spray roses fibonacci aureus,1
garden spray roses be true (white / blush),1
garden spray roses be patient,1
garden roses toffee caramel,1
garden roses south park,1
garden roses shimmer,1
garden roses romantic antike,1
garden roses pure blonde,1
garden roses princess midori,1
garden roses princess maya,1
garden roses princess hitomi,1
garden roses piano,1
garden roses phoenix,1
garden roses melon x pression (salmon to peach color),1
garden roses mayras queen,1
garden roses mayras flamingo,1
garden roses mandarine x pression (pinkish to orange color),1
garden roses limonada (from cream to lime green),1
garden roses kings cross,1
garden roses kahala (peach - pink),1
garden roses glam,1
garden roses emma woodhouse,1
garden roses dragonfly,1
garden roses darlington,1
garden roses caramel macchiato (orange / terracota),1
garden roses candy x pression,1
garden roses campanella peach,1
garden roses buttercup,1
garamd,1
gambia,1
fushia,1
funflowers,1
fucshia,1
fruttello,1
frredom,1
frogs,1
frittilaria,1
frittalaria,1
fritillary,1
fritilarria,1
frit,1
frit checkerboard,1
freedpm,1
freedome,1
fragrant,1
foxtail lily short assorted,1
foxtail lily medium assorted,1
foxgloves,1
fortress,1
forsythias,1
forsythia,1
forgetmeno,1
forattini,1
foligae,1
foliage assort,1
foilage,1
focals,1
floyed,1
flowersroses,1
flowerpot,1
florqls,1
floraprima,1
flagrant,1
fillings,1
fillertweedia,1
filler,1
filler white,1
fgreen,1
fewerfew,1
fevwrfew,1
feverfww,1
feverfrew,1
feverfewq,1
fern supershine tree fern,1
fern maiden hair,1
ferm,1
fennel,1
feliciy,1
felicia,1
feen,1
featherleaf,1
favorites,1
fatsia,1
fashionista,1
fall flowers,1
f804f637,1
eycalptus,1
extase,1
exspression,1
expressionphoenix,1
explosian,1
expession,1
excimo,1
excellence,1
euycalyptus,1
eustoma russellianum,1
eupatorium,1
euk,1
eucylyptis,1
eucylaptus,1
euculyptus,1
eucu,1
eucolyptus,1
euclyp,1
euclalyptus,1
eucalytus,1
eucalyputs,1
eucalyptus silver dollar - round leaf,1
eucalyptus micro seeded,1
eucalyptus gum seeded,1
eucalyptus assorted,1
eucalyptues,1
eucalyptud,1
eucalypthus,1
euc,1
estrantia,1
erngium,1
eriostomen,1
eriostemon flowering,1
erimerius,1
equaliptus,1
eoses,1
enid,1
emtna,1
elephany,1
elephants,1
elegy,1
eleaganus,1
efgmer,1
eculyptus,1
ecualyptus,1
ecris,1
ecm,1
echeveria,1
eadter,1
dusty roses,1
dusty pink rose,1
dusty miller silver dust,1
dried bouquet,1
dried and preserved flowers statice white,1
dried and preserved flowers pres hydrangeas bleached,1
dried and preserved flowers market bunches assorted,1
dried and preserved flowers leather fern deep green,1
dried and preserved flowers larkspur white,1
drango,1
dogwooe,1
dlephenium,1
dleph,1
disnthus,1
discus,1
disbud,1
diphenium,1
dione,1
dianthus sweet william pink,1
dewie,1
destiny,1
deplphenkum,1
delpjinium,1
delpinim,1
delpihnium,1
delphninium,1
delphinuium,1
delphinnium,1
delphiniumtrick,1
delphiniumm,1
delphinium planet blush pink (white few blush touches),1
delphinium hybrid lavender,1
delphinium hybrid blue,1
delphinium hybrid benarys pacific light blue,1
delphinium elatum sky blue river,1
delphinium blue planet,1
delphinium belladonna light blue (shade varies light to medium blue),1
delphinium bella andes,1
delphinium assorted belladonna (blue/ light blue),1
delphinium ariel triton,1
delphin,1
delphimiu,1
delphiim,1
delphhinium,1
delpheniam,1
delohinium,1
deliphinium,1
deliphin,1
delilah,1
delh,1
deflexus green,1
deal,1
david austin garden roses enid,1
daucus,1
dasy,1
dasisies,1
dasies,1
darcy,1
damagro,1
dalph,1
dalp,1
daliah,1
dalhias,1
daisys,1
daisu,1
dainty,1
dainthus,1
dahloa,1
dahliasorange,1
dahlias karma prospero lilac,1
dahli,1
dahalais,1
dafoodil,1
daffofils,1
daffodils assorted,1
daffodil,1
daahlia,1
cyrtomium,1
cymbidium spray danny green (9 -12 blooms),1
cymbidium spray assorted (9 -12 blooms),1
cymbidium spray aida (13-18 blooms),1
cushions,1
curcuma,1
cumbidium,1
crysanthamum,1
crocus,1
crimon,1
crespidia,1
crespeida,1
crespedia,1
cresedia,1
cremones,1
cremona,1
cremona olfa,1
cremon mum,1
creamon,1
creamcarnation,1
cream rose,1
craspwsia,1
craspedia,1
cpo,1
cowlillys,1
cotius,1
cotins,1
cosmos white,1
cosmos white farm choice (shades may vary),1
cosmos chocalate,1
cornus,1
corncockle,1
corn flower burgundy farm choice (shades may vary),1
corn flower bluelily,1
corn flower blue,1
corn cockle,1
coreille,1
coral spray roses,1
coral garden roses,1
cootie,1
cool water,1
containers,1
consumer bunch sunflower sunbright mini 3 stems,1
coneflowers,1
companula,1
combo rose,1
columbine,1
codmmodore,1
cocolus,1
cocculus cocculus,1
cocculous,1
clementis,1
clematsi,1
clarkia,1
claematis,1
cisni,1
cimbidium,1
chysanthemum,1
chrystanthemum,1
chrysantheum,1
chrysanthemum spray pom novelty valeska,1
chrysanthemum spray pom daisy bicolor white - lavender,1
chrysanthemum spray pom daisy amethyst dark,1
chrysanthemum spray pom daisy alma,1
chrysanthemum spray pom daisy alma pink daisy,1
chrysanthemum spray pom cushion bronze,1
chrysanthemum spray pom button paintball sunny,1
chrysanthemum spray pom button dotty cherry,1
chrysanthemum micro pom santini ying yang,1
chrysanthemum micro pom santini assorted,1
chrysanthemum micro pom santin pink molly (dark pink / purple),1
chrysanthemum disbuds/ mums cremon rossano elizabeth,1
chrysanthemum disbuds/ mums cremon bronce fogata,1
chrysanthemum disbuds/ mums cremon bellavista,1
chrysanthemum disbuds/ mums cdn burgundy assorted,1
chrysanthemum disbuds/ mums bombon (ball) lollipop pink,1
chrysanthemum disbuds/ mums bombon (ball) ganache,1
chrysanthemum disbuds/ mums bombon (ball) fantasy island,1
chrysanthemum disbuds/ mums bombon (ball) bronze,1
chry,1
chrsanthemums,1
chococ,1
choclate,1
chocalte,1
chilean,1
chile,1
charysanthemum,1
chartreuse,1
charmont,1
chanomile,1
champagner rose,1
chamomille,1
chamoagne,1
chammmile,1
chamemolie,1
chamamile,1
centerpieces,1
celway,1
celosia,1
celosia assorted,1
ceanotus,1
cdelosia,1
cavendish,1
catchfly,1
carpo dium,1
carntions,1
carnstions,1
carnationshydrangea,1
carnationsall,1
carnationrose,1
carnationgreentinteddyed,1
carnationa,1
carnation moonlight,1
carnation lizzy,1
carnation jubilee,1
carnation don pedro,1
carnation caramel,1
carnation amico lavender,1
carnartion,1
carnarins,1
carnanations,1
carnaation,1
carantion,1
caramle,1
capunulla,1
cappucibo,1
capanula,1
cantaberry bellas,1
candlelight,1
campunela,1
campenella,1
campanulua,1
campanuls,1
campanula lavender,1
campanual,1
campanua,1
cammomile,1
cammellia cammellia,1
camillia,1
camila,1
camflor,1
camellia camelia 6 ft,1
calyphyllus,1
callaranunculus,1
calladium,1
calla's white,1
calla's odessa black,1
calla's flirt cream,1
calla's cascade bouquet,1
calilily,1
calendula,1
calendula orange,1
calendar,1
cafe latte,1
cactuc,1
cabage,1
buttonmums,1
button pom,1
butterfyly,1
butterfly ranuncuus,1
butterflu rannuclus,1
butterflt,1
buttercream,1
burnt orane,1
burgunfu,1
burgundyranunculus,1
burgunduy,1
burgunday,1
burgendy,1
bupleurum griffithii,1
bupleurum green,1
buplerium,1
bupler,1
bunches,1
bulk,1
bueplerum,1
buddlia,1
brute,1
brownie (tinted/ dyed),1
brown filler,1
bronze,1
brazuca,1
boutquet,1
bouquets,1
bouquets vyn - sweet blooms bouquet small (dried flowers) 30st/bqt,1
bouquets flat #4 tropical 10 st/bqt,1
bouquets aga - bloom orange 20 st (rose shimmer 5 spray rose creta 3 carn mustard 2 ran peach 2 snap,1
bouquets aga - bloom arcoiris 28 st ( roses free spirit 3 mayra peach 2 carn hypnosis 2 ane purple 3,1
bouquetmix,1
bouquetlilac,1
bougonvillea,1
bouganvillea,1
boronia pink,1
borage,1
boquets,1
boomerang,1
bnf,1
blye,1
blushcarnation,1
blush,1
blush pink,1
blupurium,1
bluplerium,1
bluplereum,1
bluocean,1
bluehydrangea,1
bluegum,1
blue ocean,1
blue and white flowers,1
bluch,1
blooming branches cherry long pink,1
bleached am,1
black magic,1
black baccara,1
blacck,1
bkue,1
billyballs,1
berzilia,1
berries viburnum red,1
berries pepperberry - foliage (no berries),1
berries california pepperberry hanging,1
berries blackberry,1
beronic,1
berber daisys,1
bells4,1
belladona,1
beige rose,1
bayleaf,1
bay laurel,1
batchelor buttin,1
baronia,1
barita,1
banessa,1
baliah,1
bakers,1
bachelor,1
bachelor buttonblue,1
bacarra,1
babys breath garland,1
baby+breath,1
baby blue add ins,1
babies,1
avellano,1
augusta,1
attrantia,1
atock,1
astwe,1
astukbe,1
astratia,1
astrantoia,1
astransia,1
astranita,1
astrania,1
astrameria,1
astr,1
astlilbe,1
astlebe,1
astlbe,1
astira,1
astile,1
astilbe,1
astilbe diamant,1
astibe,1
astersunflower,1
asteraster,1
aster,1
aster solidago golden glory blue mint (tinted/ dyed),1
aster pericallis hot pink,1
aster matsumoto white,1
astania,1
assprted rpse,1
aspidistra,1
aspidestrea,1
aspidestra,1
asperengii,1
asparagus sprengerii,1
asmanthus,1
asltroemeria,1
asid,1
ashkey,1
artemesia,1
aridane,1
aranthera maggie oei,1
aramis,1
apriot,1
apistrada,1
aphrodite,1
apangathus,1
anwnome,1
antuirium,1
antoine,1
antiguarose,1
anthuriun,1
anthuriumallium,1
anthurium,1
anthurium white (small),1
anthurium red farm choice (shades may vary),1
anthurium pink,1
anthrurium,1
anthrium,1
anthos,1
anthiurium,1
anthiriums,1
anthiriumm,1
antheriums,1
anthera,1
anomones,1
anome,1
anmeone,1
animone,1
aneone,1
anenone,1
anenomies,1
anenomie,1
anenme,1
anen,1
anemoone,1
anemonies,1
anemonie,1
anemonia,1
anemonestarice,1
anemone,1
anemone white,1
anemone orange (tinted/ dyed),1
anemone easter light blue (tinted/ dyed),1
anemone bicolor white -blush shade farm choice (shades may vary),1
anemone bianco green,1
anemometer,1
anemne,1
andriyturbaba1,1
anastacia,1
anamones,1
amnesia rose,1
amerryllis,1
amemone,1
amaryllus,1
amaryllis,1
amarinthus,1
amaranuthus,1
amaranthuss,1
amaranthushanging,1
amaranthusb,1
amaranthus,1
amaranthus hang red spider,1
amaranthus green tails,1
amaranthus bicolor hanging,1
amaranthus bicolor hanging farm choice (shades may vary),1
amaranths,1
amaranthas,1
amarantha,1
amarantg,1
altromeria,1
altherium,1
alstromewria,1
alstromer,1
alstromaria,1
alstromalacia,1
alstromaeria,1
alstroemria,1
alstroemeria,1
alstroemeria  white whistler netted,1
alstroemeria  pink dubai netted,1
alstro,1
alstrea,1
alstoremeria,1
alstilbe,1
alostremeria,1
alostomeria,1
alllium,1
allium gladiator purple,1
alestromera,1
alemendra,1
alegra,1
alegira,1
akita,1
akebono,1
agrostema,1
aglaonema,1
ageratum,1
agave,1
agapany,1
aga ec,1
adrienne,1
achilla,1
accacia,1
acacia,1
acacia mimosa,1
acacia acacia (flowering),1
abelia,1
aasoeryed rises,1
80cm,1
387836fd16f648589f3238814141d0f5,1
"white bella ",1
"waxflower assorted (pink,1
"vines bittersweet red berries (red-orange-yellow) ",1
"twin red white rose flower ",1
"tulips ",1
"tulip - iris assorted (50 tulips 30 cm,1
"titantic ",1
"think spring assorted (50 tulips 30 cm,1
"sweet peas spring assorted (white,1
"sweet peas niji assorted (white,1
"supplies ",1
"stock assorted (40 white ,1
"statice assorted (purple,1
"stalk ",1
"spring fling assorted (40 iris 40 cm,1
"spray roses ilse ",1
"spray roses cosmo ",1
"spray roses chocolate mocca ",1
"spray roses ",1
"southern ",1
"silverston ",1
"scobiosa ",1
"scabious ",1
"salsify ",1
"rustic oranges reds  ",1
"rununculus ",1
"roses wedding duo white,1
"roses wedding duo light pink,1
"roses tinted/dyed toppings coffee mocca (airbrushed,1
"roses christmas assorted (50 freedom,1
"roses champagner ",1
"roses assorted (white,1
"roses assorted (orange crush,1
"roses assorted  (25 red,1
"rose ",1
"roko loko ",1
"ranunuculus ",1
"ranunculus  ",1
"rannunculas ",1
"rannuculus ",1
"putple ",1
"poppys ",1
"playa blanca ",1
"pitsporeum ",1
"pink rose ",1
"pesch ",1
"peony blush ",1
"peony ",1
"peonies ",1
"penonies ",1
"papaya ",1
"painted plumosa ",1
"oncidium ",1
"olive ",1
"nagy ",1
"monstera assorted (25 small,1
"moab ",1
"mixed box think spring assorted (50 tulips 30 cm,1
"mixed box california rose farmstand box white/cream assorted (12 garden rose,1
"mixed box ca assorted greenery 5 bunches euyonymus- pitto,1
"mixed box assorted box thankful assorted (25 orange,1
"mixed box assorted box christmas (100 stars of beth,1
"mixed bouquets ",1
"match made in heaven assorted (30 feverfew,1
"marya ",1
"lysinachia ",1
"lizianthus ",1
"lisanthius ",1
"liminium ",1
"lilys ",1
"isle ",1
"hydrenga ",1
"hydrangeas ",1
"hydrangea antique green premium (18-19 cm)  ",1
"hydrangea ",1
"hydragea ",1
"honeysuckle ",1
"heritage ",1
"herbert ",1
"gyp babys breath (6 ft long,1
"greeenery ",1
"gloriosa ",1
"ginger torch assorted (4 red,1
"gerbera large flowered christmas assorted ( 20 white,1
"gerbera large flowered  large,1
"gerbera daisy ",1
"garlands pittosporum green (10 ft long,1
"garlands 2 varieties eucalyptus (growers choice) (3 ft long,1
"garlands 2 varieties eucalyptus (growers choice) (10 ft long,1
"garden spray roses blanche ",1
"garden roses millicent ",1
"garden roses carpe diem ",1
"feverfew ",1
"felicia ",1
"fashionista ",1
"eucalyptus assorted (35 silver dollar,1
"eucalyptus assorted (35 gunni,1
"eucalyptus ",1
"dried and preserved flowers lavender ",1
"dendrobium #3 assorted (white,1
"delphinium assorted (seawaltz,1
"delphinium ",1
"delphenium ",1
"delphenia ",1
"david austin garden roses phoebe (coral transitions from apricot orange to a soft,1
"daisies ",1
"cymbidiun ",1
"cymbidium spray  arcadian (13 -18 blooms) ",1
"cremons ",1
"cosmos lemonade (yellow,1
"convallaria majalis ",1
"cockscomb ",1
"chrysanthemum disbuds/ mums cremon artic queen ",1
"cephalaria ",1
"carnation ",1
"capulana ",1
"cappuccino ",1
"candlight ",1
"camomile ",1
"calla ",1
"cala ",1
"bruina ",1
"browon ",1
"brnaches ",1
"bouquets var pitt assorted (2 leather,1
"bouquets jasmine assorted (3 cocculus,1
"bouquets fbi - seasonal california assorted greens ( farm choice,1
"bouquets etz - love is love (1 hydrangea pink tinted,1
"bouquets efg flo - spark of love (2 carnation or spray carnation pink,1
"bouquets efg flo - divine devotion (2 peach spray roses,1
"bouquets efg - yellow pastel small (1 green minihydrangea,1
"bouquets efg - blue pastel small (1 white spray roses,1
"bouquets aga - bloom blush 23 st ( roses siente 5 spray rose apricot 3 carn blush 3 anemona white 3 ",1
"blooming branches salicina (plum blossom,1
"baby breath ",1
"babaloo ",1
"astilbe blush pink ",1
"assorted (white,1
"anthuriums ",1
"anthurium ",1
"amyerillis ",1
"amaryllis ",1
"amaranthus hanging assorted (red,1
"alnwick ",1
" tropicals",1
" status",1
" stalk",1
" ranununculus",1
" ranulunus",1
" pinkpeach",1
" mym",1
" hyrdrangea",1
" hydrengeas ",1
" hydrandeas",1
" delphium",1
" delphiniums",1
" crisantemum",1
" cremons",1
" cabernet ",1
" bulbs",1
" balldahlia",1
"  marigolds",1
"hydrangea  mophead (fall colored multi blue,rose)"
